group,function,value,throughput_num,throughput_type,sample_measured_value,unit,iteration_count
random-medium,std::stable,,,,4216969554.0,ns,1
random-medium,std::stable,,,,4216462849.0,ns,1
random-medium,std::stable,,,,4256220271.0,ns,1
random-medium,std::stable,,,,4221890915.0,ns,1
random-medium,std::stable,,,,4220727744.0,ns,1
random-medium,std::stable,,,,4218870970.0,ns,1
random-medium,std::stable,,,,4220306293.0,ns,1
random-medium,std::stable,,,,4215649132.0,ns,1
random-medium,std::stable,,,,4220677057.0,ns,1
random-medium,std::stable,,,,4219467040.0,ns,1
random-medium,std::stable,,,,4215848257.0,ns,1
random-medium,std::stable,,,,4217807504.0,ns,1
random-medium,std::stable,,,,4257978377.0,ns,1
random-medium,std::stable,,,,4242497181.0,ns,1
random-medium,std::stable,,,,4221282603.0,ns,1
random-medium,std::stable,,,,4219490968.0,ns,1
random-medium,std::stable,,,,4216370380.0,ns,1
random-medium,std::stable,,,,4218719058.0,ns,1
random-medium,std::stable,,,,4218532524.0,ns,1
random-medium,std::stable,,,,4230850701.0,ns,1
random-medium,std::stable,,,,4217267647.0,ns,1
random-medium,std::stable,,,,4218525762.0,ns,1
random-medium,std::stable,,,,4220799666.0,ns,1
random-medium,std::stable,,,,4224677933.0,ns,1
random-medium,std::stable,,,,4226450957.0,ns,1
random-medium,std::stable,,,,4232571878.0,ns,1
random-medium,std::stable,,,,4225357788.0,ns,1
random-medium,std::stable,,,,4216133262.0,ns,1
random-medium,std::stable,,,,4250757565.0,ns,1
random-medium,std::stable,,,,4217682634.0,ns,1
random-medium,std::stable,,,,4238439475.0,ns,1
random-medium,std::stable,,,,4216779925.0,ns,1
